INSERT INTO homeworld (ID, NAME, ROTATIONPERIOD, ORBITALPERIOD, DIAMETER, CLIMATE, GRAVITY, TERRAIN, SURFACEWATER, POPULATION) VALUES (1, 'Tatooine', 23, 304, 10465, 'arid', '1 standard', 'desert', 1, 200000);
INSERT INTO homeworld (ID, NAME, ROTATIONPERIOD, ORBITALPERIOD, DIAMETER, CLIMATE, GRAVITY, TERRAIN, SURFACEWATER, POPULATION) VALUES (2,'Alderaan',24,364,12500,'temperate','1 standard','grasslands, mountains',40,2000000000);
INSERT INTO homeworld (ID, NAME, ROTATIONPERIOD, ORBITALPERIOD, DIAMETER, CLIMATE, GRAVITY, TERRAIN, SURFACEWATER, POPULATION) VALUES (3,'Yavin IV',24,4818,10200,'temperate, tropical','1 standard','jungle, rainforests',8,1000);
INSERT INTO homeworld (ID, NAME, ROTATIONPERIOD, ORBITALPERIOD, DIAMETER, CLIMATE, GRAVITY, TERRAIN, SURFACEWATER, POPULATION) VALUES (4,'Hoth',23,549,7200,'frozen','1.1 standard','tundra, ice caves, mountain ranges',100,null);
INSERT INTO homeworld (ID, NAME, ROTATIONPERIOD, ORBITALPERIOD, DIAMETER, CLIMATE, GRAVITY, TERRAIN, SURFACEWATER, POPULATION) VALUES (5,'Dagobah',23,341,8900,'murky','N/A','swamp, jungles',8,NULL);
INSERT INTO homeworld (ID, NAME, ROTATIONPERIOD, ORBITALPERIOD, DIAMETER, CLIMATE, GRAVITY, TERRAIN, SURFACEWATER, POPULATION) VALUES (6,'Bespin',12,5110,118000,'temperate','1.5 (surface), 1 standard (Cloud City)','gas giant',0,6000000);

INSERT INTO swhero (ID, NAME, HEIGHT, MASS, HAIRCOLOR, SKINCOLOR, EYECOLOR, BIRTHYEAR, GENDER, HOMEWORLD_ID) VALUES (1, 'Luke Skywalker', 172, 77, 'blond', 'fair', 'blue', '19BBY', 'male', 1);
INSERT INTO swhero (ID, NAME, HEIGHT, MASS, HAIRCOLOR, SKINCOLOR, EYECOLOR, BIRTHYEAR, GENDER, HOMEWORLD_ID) VALUES (2,'C-3PO',167,75,'n/a','gold','yellow','112BBY','n/a',1);
INSERT INTO swhero (ID, NAME, HEIGHT, MASS, HAIRCOLOR, SKINCOLOR, EYECOLOR, BIRTHYEAR, GENDER, HOMEWORLD_ID) VALUES (3,'R2-D2',96,32,'n/a','white, blue','red','33BBY','n/a',1);
INSERT INTO swhero (ID, NAME, HEIGHT, MASS, HAIRCOLOR, SKINCOLOR, EYECOLOR, BIRTHYEAR, GENDER, HOMEWORLD_ID) VALUES (4,'Darth Vader',202,136,'none','white','yellow','41.9BBY','male',1);
INSERT INTO swhero (ID, NAME, HEIGHT, MASS, HAIRCOLOR, SKINCOLOR, EYECOLOR, BIRTHYEAR, GENDER, HOMEWORLD_ID) VALUES (5,'Leia Organa',150,49,'brown','light','brown','19BBY','female',2);
INSERT INTO swhero (ID, NAME, HEIGHT, MASS, HAIRCOLOR, SKINCOLOR, EYECOLOR, BIRTHYEAR, GENDER, HOMEWORLD_ID) VALUES (6,'Owen Lars',178,120,'brown, grey','light','blue','52BBY','male',3);
INSERT INTO swhero (ID, NAME, HEIGHT, MASS, HAIRCOLOR, SKINCOLOR, EYECOLOR, BIRTHYEAR, GENDER, HOMEWORLD_ID) VALUES (7,'Beru Whitesun lars',165,75,'brown','light','blue','47BBY','female',4);
INSERT INTO swhero (ID, NAME, HEIGHT, MASS, HAIRCOLOR, SKINCOLOR, EYECOLOR, BIRTHYEAR, GENDER, HOMEWORLD_ID) VALUES (8,'R5-D4',97,32,'n/a','white, red','red','unknown','n/a',1);
INSERT INTO swhero (ID, NAME, HEIGHT, MASS, HAIRCOLOR, SKINCOLOR, EYECOLOR, BIRTHYEAR, GENDER, HOMEWORLD_ID) VALUES (9,'Biggs Darklighter',183,84,'black','light','brown','24BBY','male',4);
INSERT INTO swhero (ID, NAME, HEIGHT, MASS, HAIRCOLOR, SKINCOLOR, EYECOLOR, BIRTHYEAR, GENDER, HOMEWORLD_ID) VALUES (10,'Obi-Wan Kenobi',182,77,'auburn, white','fair','blue-gray','57BBY','male',6);

INSERT INTO starships (ID, NAME, MODEL, MANUFACTURER, COSTINCREDITS, LENGTHSHIP, MAXATMOSPHERICSPEED, CREW, PASSENGERS, CARGOCAPACITY, CONSUMABLES, HYPERDRIVERATING, MGLT, STARSHIPCLASS, SWHERO_ID) VALUES (1, 'CR90 corvette', 'CR90 corvette', 'Corellian Engineering Corporation', 3500000, 150, 950, '30-360', 600, 3000000, '1 year', '2.0', 60, 'corvette', 1);
INSERT INTO starships (ID, NAME, MODEL, MANUFACTURER, COSTINCREDITS, LENGTHSHIP, MAXATMOSPHERICSPEED, CREW, PASSENGERS, CARGOCAPACITY, CONSUMABLES, HYPERDRIVERATING, MGLT, STARSHIPCLASS, SWHERO_ID) VALUES (2,'CR90 corvette','CR90 corvette','Corellian Engineering Corporation',3500000,150,950,'30-165',600,3000000,'1 year','2.0',60,'corvette',NULL);
INSERT INTO starships (ID, NAME, MODEL, MANUFACTURER, COSTINCREDITS, LENGTHSHIP, MAXATMOSPHERICSPEED, CREW, PASSENGERS, CARGOCAPACITY, CONSUMABLES, HYPERDRIVERATING, MGLT, STARSHIPCLASS, SWHERO_ID) VALUES (3,'Star Destroyer','Imperial I-class Star Destroyer','Kuat Drive Yards',150000000,1600,975,47060,null,36000000,'2 years','2.0',60,'Star Destroyer',NULL);
INSERT INTO starships (ID, NAME, MODEL, MANUFACTURER, COSTINCREDITS, LENGTHSHIP, MAXATMOSPHERICSPEED, CREW, PASSENGERS, CARGOCAPACITY, CONSUMABLES, HYPERDRIVERATING, MGLT, STARSHIPCLASS, SWHERO_ID) VALUES (4,'Sentinel-class landing craft','Sentinel-class landing craft','Sienar Fleet Systems, Cyngus Spaceworks',240000,38,1000,5,75,180000,'1 month','1.0',70,'landing craft',4);
INSERT INTO starships (ID, NAME, MODEL, MANUFACTURER, COSTINCREDITS, LENGTHSHIP, MAXATMOSPHERICSPEED, CREW, PASSENGERS, CARGOCAPACITY, CONSUMABLES, HYPERDRIVERATING, MGLT, STARSHIPCLASS, SWHERO_ID) VALUES (5,'Death Star','DS-1 Orbital Battle Station','Imperial Department of Military Research, Sienar Fleet Systems',1000000000000,120000,null,342953,843342,1000000000000,'3 years','4.0',10,'Deep Space Mobile Battlestation',5);
INSERT INTO starships (ID, NAME, MODEL, MANUFACTURER, COSTINCREDITS, LENGTHSHIP, MAXATMOSPHERICSPEED, CREW, PASSENGERS, CARGOCAPACITY, CONSUMABLES, HYPERDRIVERATING, MGLT, STARSHIPCLASS, SWHERO_ID) VALUES (6,'Millennium Falcon','YT-1300 light freighter','Corellian Engineering Corporation',100000,34.37,1050,4,6,100000,'2 months','0.5',75,'Light freighter',6);
INSERT INTO starships (ID, NAME, MODEL, MANUFACTURER, COSTINCREDITS, LENGTHSHIP, MAXATMOSPHERICSPEED, CREW, PASSENGERS, CARGOCAPACITY, CONSUMABLES, HYPERDRIVERATING, MGLT, STARSHIPCLASS, SWHERO_ID) VALUES (7,'Y-wing','BTL Y-wing','Koensayr Manufacturing',134999,14,1000,2,0,110,'1 week','1.0',80,'assault starfighter',7);
INSERT INTO starships (ID, NAME, MODEL, MANUFACTURER, COSTINCREDITS, LENGTHSHIP, MAXATMOSPHERICSPEED, CREW, PASSENGERS, CARGOCAPACITY, CONSUMABLES, HYPERDRIVERATING, MGLT, STARSHIPCLASS, SWHERO_ID) VALUES (8,'X-wing','T-65 X-wing','Incom Corporation',149999,12.5,1050,1,0,110,'1 week','1.0',100,'Starfighter',4);
INSERT INTO starships (ID, NAME, MODEL, MANUFACTURER, COSTINCREDITS, LENGTHSHIP, MAXATMOSPHERICSPEED, CREW, PASSENGERS, CARGOCAPACITY, CONSUMABLES, HYPERDRIVERATING, MGLT, STARSHIPCLASS, SWHERO_ID) VALUES (9,'TIE Advanced x1','Twin Ion Engine Advanced x1','Sienar Fleet Systems',null,9.2,1200,1,0,150,'5 days','1.0',105,'Starfighter',9);
INSERT INTO starships (ID, NAME, MODEL, MANUFACTURER, COSTINCREDITS, LENGTHSHIP, MAXATMOSPHERICSPEED, CREW, PASSENGERS, CARGOCAPACITY, CONSUMABLES, HYPERDRIVERATING, MGLT, STARSHIPCLASS, SWHERO_ID) VALUES (10,'Executor','Executor-class star dreadnought','Kuat Drive Yards, Fondor Shipyards',1143350000,19000,null,279144,38000,250000000,'6 years','2.0',40,'Star dreadnought',10);
INSERT INTO starships (ID, NAME, MODEL, MANUFACTURER, COSTINCREDITS, LENGTHSHIP, MAXATMOSPHERICSPEED, CREW, PASSENGERS, CARGOCAPACITY, CONSUMABLES, HYPERDRIVERATING, MGLT, STARSHIPCLASS, SWHERO_ID) VALUES (11,'Rebel transport','GR-75 medium transport','Gallofree Yards, Inc.',null,90,650,6,90,19000000,'6 months','4.0',20,'Medium transport',9);
         